395, 5, 0
390, 15, 0
390, 10, 0
390, 5, 0
385, 20, 0
385, 15, 0
385, 10, 0
385, 5, 0
380, 30, 0
380, 25, 0
380, 20, 0
380, 15, 0
380, 10, 0
380, 5, 0
375, 35, 0
375, 30, 0
375, 25, 0
375, 20, 0
375, 15, 0
375, 10, 0
375, 5, 0
370, 45, 0
370, 40, 0
370, 35, 0
370, 30, 0
370, 25, 0
370, 20, 0
370, 15, 0
370, 10, 0
370, 5, 0
365, 50, 0
365, 45, 0
365, 40, 0
365, 35, 0
365, 30, 0
365, 25, 0
365, 20, 0
365, 15, 0
365, 10, 0
365, 5, 0
360, 60, 0
360, 55, 0
360, 50, 0
360, 45, 0
360, 40, 0
360, 35, 0
360, 30, 0
360, 25, 0
360, 20, 0
360, 15, 0
360, 10, 0
360, 5, 0
355, 65, 0
355, 60, 0
355, 55, 0
355, 50, 0
355, 45, 0
355, 40, 0
355, 35, 0
355, 30, 0
355, 25, 0
355, 20, 0
355, 15, 0
355, 10, 0
355, 5, 0
350, 75, 0
350, 70, 0
350, 65, 0
350, 60, 0
350, 55, 0
350, 50, 0
350, 45, 0
350, 40, 0
350, 35, 0
350, 30, 0
350, 25, 0
350, 20, 0
350, 15, 0
350, 10, 0
350, 5, 0
345, 80, 0
345, 75, 0
345, 70, 0
345, 65, 0
345, 60, 0
345, 55, 0
345, 50, 0
345, 45, 0
345, 40, 0
345, 35, 0
345, 30, 0
345, 25, 0
345, 20, 0
345, 15, 0
345, 10, 0
345, 5, 0
340, 90, 0
340, 85, 0
340, 80, 0
340, 75, 0
340, 70, 0
340, 65, 0
340, 60, 0
340, 55, 0
340, 50, 0
340, 45, 0
340, 40, 0
340, 35, 0
340, 30, 0
340, 25, 0
340, 20, 0
340, 15, 0
340, 10, 0
340, 5, 0
335, 95, 0
335, 90, 0
335, 85, 0
335, 80, 0
335, 75, 0
335, 70, 0
335, 65, 0
335, 60, 0
335, 55, 0
335, 50, 0
335, 45, 0
335, 40, 0
335, 35, 0
335, 30, 0
335, 25, 0
335, 20, 0
335, 15, 0
335, 10, 0
335, 5, 0
330, 105, 0
330, 100, 0
330, 95, 0
330, 90, 0
330, 85, 0
330, 80, 0
330, 75, 0
330, 70, 0
330, 65, 0
330, 60, 0
330, 55, 0
330, 50, 0
330, 45, 0
330, 40, 0
330, 35, 0
330, 30, 0
330, 25, 0
330, 20, 0
330, 15, 0
330, 10, 0
330, 5, 0
325, 110, 0
325, 105, 0
325, 100, 0
325, 95, 0
325, 90, 0
325, 85, 0
325, 80, 0
325, 75, 0
325, 70, 0
325, 65, 0
325, 60, 0
325, 55, 0
325, 50, 0
325, 45, 0
325, 40, 0
325, 35, 0
325, 30, 0
325, 25, 0
325, 20, 0
325, 15, 0
325, 10, 0
325, 5, 0
320, 120, 0
320, 115, 0
320, 110, 0
320, 105, 0
320, 100, 0
320, 95, 0
320, 90, 0
320, 85, 0
320, 80, 0
320, 75, 0
320, 70, 0
320, 65, 0
320, 60, 0
320, 55, 0
320, 50, 0
320, 45, 0
320, 40, 0
320, 35, 0
320, 30, 0
320, 25, 0
320, 20, 0
320, 15, 0
320, 10, 0
320, 5, 0
315, 125, 10855.0
315, 120, 0
315, 115, 0
315, 110, 0
315, 105, 0
315, 100, 0
315, 95, 0
315, 90, 0
315, 85, 0
315, 80, 0
315, 75, 0
315, 70, 0
315, 65, 0
315, 60, 0
315, 55, 0
315, 50, 0
315, 45, 0
315, 40, 0
315, 35, 0
315, 30, 0
315, 25, 0
315, 20, 0
315, 15, 0
315, 10, 0
315, 5, 0
310, 135, 10930.0
310, 130, 10880.0
310, 125, 10830.0
310, 120, 0
310, 115, 0
310, 110, 0
310, 105, 0
310, 100, 0
310, 95, 0
310, 90, 0
310, 85, 0
310, 80, 0
310, 75, 0
310, 70, 0
310, 65, 0
310, 60, 0
310, 55, 0
310, 50, 0
310, 45, 0
310, 40, 0
310, 35, 0
310, 30, 0
310, 25, 0
310, 20, 0
310, 15, 0
310, 10, 0
310, 5, 0
305, 140, 10955.0
305, 135, 10905.0
305, 130, 10855.0
305, 125, 10805.0
305, 120, 0
305, 115, 0
305, 110, 0
305, 105, 0
305, 100, 0
305, 95, 0
305, 90, 0
305, 85, 0
305, 80, 0
305, 75, 0
305, 70, 0
305, 65, 0
305, 60, 0
305, 55, 0
305, 50, 0
305, 45, 0
305, 40, 0
305, 35, 0
305, 30, 0
305, 25, 0
305, 20, 0
305, 15, 0
305, 10, 0
305, 5, 0
300, 150, 11030.0
300, 145, 10980.0
300, 140, 10930.0
300, 135, 10880.0
300, 130, 10830.0
300, 125, 10780.0
300, 120, 0
300, 115, 0
300, 110, 0
300, 105, 0
300, 100, 0
300, 95, 0
300, 90, 0
300, 85, 0
300, 80, 0
300, 75, 0
300, 70, 0
300, 65, 0
300, 60, 0
300, 55, 0
300, 50, 0
300, 45, 0
300, 40, 0
300, 35, 0
300, 30, 0
300, 25, 0
300, 20, 0
300, 15, 0
300, 10, 0
300, 5, 0
295, 155, 11055.0
295, 150, 11005.0
295, 145, 10955.0
295, 140, 10905.0
295, 135, 10855.0
295, 130, 10805.0
295, 125, 10755.0
295, 120, 0
295, 115, 0
295, 110, 0
295, 105, 0
295, 100, 0
295, 95, 0
295, 90, 0
295, 85, 0
295, 80, 0
295, 75, 0
295, 70, 0
295, 65, 0
295, 60, 0
295, 55, 0
295, 50, 0
295, 45, 0
295, 40, 0
295, 35, 0
295, 30, 0
295, 25, 0
295, 20, 0
295, 15, 0
295, 10, 0
295, 5, 0
290, 165, 11130.0
290, 160, 11080.0
290, 155, 11030.0
290, 150, 10980.0
290, 145, 10930.0
290, 140, 10880.0
290, 135, 10830.0
290, 130, 10780.0
290, 125, 10730.0
290, 120, 0
290, 115, 0
290, 110, 0
290, 105, 0
290, 100, 0
290, 95, 0
290, 90, 0
290, 85, 0
290, 80, 0
290, 75, 0
290, 70, 0
290, 65, 0
290, 60, 0
290, 55, 0
290, 50, 0
290, 45, 0
290, 40, 0
290, 35, 0
290, 30, 0
290, 25, 0
290, 20, 0
290, 15, 0
290, 10, 0
290, 5, 0
285, 170, 11555.0
285, 165, 11105.0
285, 160, 11055.0
285, 155, 11005.0
285, 150, 10955.0
285, 145, 10905.0
285, 140, 10855.0
285, 135, 10805.0
285, 130, 10755.0
285, 125, 10705.0
285, 120, 0
285, 115, 0
285, 110, 0
285, 105, 0
285, 100, 0
285, 95, 0
285, 90, 0
285, 85, 0
285, 80, 0
285, 75, 0
285, 70, 0
285, 65, 0
285, 60, 0
285, 55, 0
285, 50, 0
285, 45, 0
285, 40, 0
285, 35, 0
285, 30, 0
285, 25, 0
285, 20, 0
285, 15, 0
285, 10, 0
285, 5, 0
280, 180, 11630.0
280, 175, 11580.0
280, 170, 11530.0
280, 165, 11080.0
280, 160, 11030.0
280, 155, 10980.0
280, 150, 10930.0
280, 145, 10880.0
280, 140, 10830.0
280, 135, 10780.0
280, 130, 10730.0
280, 125, 10680.0
280, 120, 0
280, 115, 0
280, 110, 0
280, 105, 0
280, 100, 0
280, 95, 0
280, 90, 0
280, 85, 0
280, 80, 0
280, 75, 0
280, 70, 0
280, 65, 0
280, 60, 0
280, 55, 0
280, 50, 0
280, 45, 0
280, 40, 0
280, 35, 0
280, 30, 0
280, 25, 0
280, 20, 0
280, 15, 0
280, 10, 0
280, 5, 0
275, 185, 11655.0
275, 180, 11605.0
275, 175, 11555.0
275, 170, 11505.0
275, 165, 11055.0
275, 160, 11005.0
275, 155, 10955.0
275, 150, 10905.0
275, 145, 10855.0
275, 140, 10805.0
275, 135, 10755.0
275, 130, 10705.0
275, 125, 10655.0
275, 120, 0
275, 115, 0
275, 110, 0
275, 105, 0
275, 100, 0
275, 95, 0
275, 90, 0
275, 85, 0
275, 80, 0
275, 75, 0
275, 70, 0
275, 65, 0
275, 60, 0
275, 55, 0
275, 50, 0
275, 45, 0
275, 40, 0
275, 35, 0
275, 30, 0
275, 25, 0
275, 20, 0
275, 15, 0
275, 10, 0
275, 5, 0
270, 195, 11730.0
270, 190, 11680.0
270, 185, 11630.0
270, 180, 11580.0
270, 175, 11530.0
270, 170, 11480.0
270, 165, 11030.0
270, 160, 10980.0
270, 155, 10930.0
270, 150, 10880.0
270, 145, 10830.0
270, 140, 10780.0
270, 135, 10730.0
270, 130, 10680.0
270, 125, 10630.0
270, 120, 0
270, 115, 0
270, 110, 0
270, 105, 0
270, 100, 0
270, 95, 0
270, 90, 0
270, 85, 0
270, 80, 0
270, 75, 0
270, 70, 0
270, 65, 0
270, 60, 0
270, 55, 0
270, 50, 0
270, 45, 0
270, 40, 0
270, 35, 0
270, 30, 0
270, 25, 0
270, 20, 0
270, 15, 0
270, 10, 0
270, 5, 0
265, 200, 11755.0
265, 195, 11705.0
265, 190, 11655.0
265, 185, 11605.0
265, 180, 11555.0
265, 175, 11505.0
265, 170, 11455.0
265, 165, 11005.0
265, 160, 10955.0
265, 155, 10905.0
265, 150, 10855.0
265, 145, 10805.0
265, 140, 10755.0
265, 135, 10705.0
265, 130, 10655.0
265, 125, 10605.0
265, 120, 0
265, 115, 0
265, 110, 0
265, 105, 0
265, 100, 0
265, 95, 0
265, 90, 0
265, 85, 0
265, 80, 0
265, 75, 0
265, 70, 0
265, 65, 0
265, 60, 0
265, 55, 0
265, 50, 0
265, 45, 0
265, 40, 0
265, 35, 0
265, 30, 0
265, 25, 0
265, 20, 0
265, 15, 0
265, 10, 0
265, 5, 0
260, 210, 11840.0
260, 205, 11780.0
260, 200, 11730.0
260, 195, 11680.0
260, 190, 11630.0
260, 185, 11580.0
260, 180, 11530.0
260, 175, 11480.0
260, 170, 11430.0
260, 165, 10980.0
260, 160, 10930.0
260, 155, 10880.0
260, 150, 10830.0
260, 145, 10780.0
260, 140, 10730.0
260, 135, 10680.0
260, 130, 10630.0
260, 125, 10580.0
260, 120, 0
260, 115, 0
260, 110, 0
260, 105, 0
260, 100, 0
260, 95, 0
260, 90, 0
260, 85, 0
260, 80, 0
260, 75, 0
260, 70, 0
260, 65, 0
260, 60, 0
260, 55, 0
260, 50, 0
260, 45, 0
260, 40, 0
260, 35, 0
260, 30, 0
260, 25, 0
260, 20, 0
260, 15, 0
260, 10, 0
260, 5, 0
255, 215, 11865.0
255, 210, 11815.0
255, 205, 11755.0
255, 200, 11705.0
255, 195, 11655.0
255, 190, 11605.0
255, 185, 11555.0
255, 180, 11505.0
255, 175, 11455.0
255, 170, 11405.0
255, 165, 10955.0
255, 160, 10905.0
255, 155, 10855.0
255, 150, 10805.0
255, 145, 10755.0
255, 140, 10705.0
255, 135, 10655.0
255, 130, 10605.0
255, 125, 10555.0
255, 120, 0
255, 115, 0
255, 110, 0
255, 105, 0
255, 100, 0
255, 95, 0
255, 90, 0
255, 85, 0
255, 80, 0
255, 75, 0
255, 70, 0
255, 65, 0
255, 60, 0
255, 55, 0
255, 50, 0
255, 45, 0
255, 40, 0
255, 35, 0
255, 30, 0
255, 25, 0
255, 20, 0
255, 15, 0
255, 10, 0
255, 5, 0
250, 225, 11940.0
250, 220, 11890.0
250, 215, 11840.0
250, 210, 11790.0
250, 205, 11730.0
250, 200, 11680.0
250, 195, 11630.0
250, 190, 11580.0
250, 185, 11530.0
250, 180, 11480.0
250, 175, 11430.0
250, 170, 11380.0
250, 165, 10930.0
250, 160, 10880.0
250, 155, 10830.0
250, 150, 10780.0
250, 145, 10730.0
250, 140, 10680.0
250, 135, 10630.0
250, 130, 10580.0
250, 125, 10530.0
250, 120, 0
250, 115, 0
250, 110, 0
250, 105, 0
250, 100, 0
250, 95, 0
250, 90, 0
250, 85, 0
250, 80, 0
250, 75, 0
250, 70, 0
250, 65, 0
250, 60, 0
250, 55, 0
250, 50, 0
250, 45, 0
250, 40, 0
250, 35, 0
250, 30, 0
250, 25, 0
250, 20, 0
250, 15, 0
250, 10, 0
250, 5, 0
245, 230, 11965.0
245, 225, 11915.0
245, 220, 11865.0
245, 215, 11815.0
245, 210, 11765.0
245, 205, 11705.0
245, 200, 11655.0
245, 195, 11605.0
245, 190, 11555.0
245, 185, 11505.0
245, 180, 11455.0
245, 175, 11405.0
245, 170, 11355.0
245, 165, 10905.0
245, 160, 10855.0
245, 155, 10805.0
245, 150, 10755.0
245, 145, 10705.0
245, 140, 10655.0
245, 135, 10605.0
245, 130, 10555.0
245, 125, 10505.0
245, 120, 0
245, 115, 0
245, 110, 0
245, 105, 0
245, 100, 0
245, 95, 0
245, 90, 0
245, 85, 0
245, 80, 0
245, 75, 0
245, 70, 0
245, 65, 0
245, 60, 0
245, 55, 0
245, 50, 0
245, 45, 0
245, 40, 0
245, 35, 0
245, 30, 0
245, 25, 0
245, 20, 0
245, 15, 0
245, 10, 0
245, 5, 0
240, 240, 12040.0
240, 235, 11990.0
240, 230, 11940.0
240, 225, 11890.0
240, 220, 11840.0
240, 215, 11790.0
240, 210, 11740.0
240, 205, 11680.0
240, 200, 11630.0
240, 195, 11580.0
240, 190, 11530.0
240, 185, 11480.0
240, 180, 11430.0
240, 175, 11380.0
240, 170, 11330.0
240, 165, 10880.0
240, 160, 10830.0
240, 155, 10780.0
240, 150, 10730.0
240, 145, 10680.0
240, 140, 10630.0
240, 135, 10580.0
240, 130, 10530.0
240, 125, 10480.0
240, 120, 0
240, 115, 0
240, 110, 0
240, 105, 0
240, 100, 0
240, 95, 0
240, 90, 0
240, 85, 0
240, 80, 0
240, 75, 0
240, 70, 0
240, 65, 0
240, 60, 0
240, 55, 0
240, 50, 0
240, 45, 0
240, 40, 0
240, 35, 0
240, 30, 0
240, 25, 0
240, 20, 0
240, 15, 0
240, 10, 0
240, 5, 0
235, 245, 12065.0
235, 240, 12015.0
235, 235, 11965.0
235, 230, 11915.0
235, 225, 11865.0
235, 220, 11815.0
235, 215, 11765.0
235, 210, 11715.0
235, 205, 11655.0
235, 200, 11605.0
235, 195, 11555.0
235, 190, 11505.0
235, 185, 11455.0
235, 180, 11405.0
235, 175, 11355.0
235, 170, 11305.0
235, 165, 10855.0
235, 160, 10805.0
235, 155, 10755.0
235, 150, 10705.0
235, 145, 10655.0
235, 140, 10605.0
235, 135, 10555.0
235, 130, 10505.0
235, 125, 10455.0
235, 120, 0
235, 115, 0
235, 110, 0
235, 105, 0
235, 100, 0
235, 95, 0
235, 90, 0
235, 85, 0
235, 80, 0
235, 75, 0
235, 70, 0
235, 65, 0
235, 60, 0
235, 55, 0
235, 50, 0
235, 45, 0
235, 40, 0
235, 35, 0
235, 30, 0
235, 25, 0
235, 20, 0
235, 15, 0
235, 10, 0
235, 5, 0
230, 255, 12140.0
230, 250, 12090.0
230, 245, 12040.0
230, 240, 11990.0
230, 235, 11940.0
230, 230, 11890.0
230, 225, 11840.0
230, 220, 11790.0
230, 215, 11740.0
230, 210, 11690.0
230, 205, 11630.0
230, 200, 11580.0
230, 195, 11530.0
230, 190, 11480.0
230, 185, 11430.0
230, 180, 11380.0
230, 175, 11330.0
230, 170, 11280.0
230, 165, 10830.0
230, 160, 10780.0
230, 155, 10730.0
230, 150, 10680.0
230, 145, 10630.0
230, 140, 10580.0
230, 135, 10530.0
230, 130, 10480.0
230, 125, 10430.0
230, 120, 0
230, 115, 0
230, 110, 0
230, 105, 0
230, 100, 0
230, 95, 0
230, 90, 0
230, 85, 0
230, 80, 0
230, 75, 0
230, 70, 0
230, 65, 0
230, 60, 0
230, 55, 0
230, 50, 0
230, 45, 0
230, 40, 0
230, 35, 0
230, 30, 0
230, 25, 0
230, 20, 0
230, 15, 0
230, 10, 0
230, 5, 0
225, 260, 12165.0
225, 255, 12115.0
225, 250, 12065.0
225, 245, 12015.0
225, 240, 11965.0
225, 235, 11915.0
225, 230, 11865.0
225, 225, 11815.0
225, 220, 11765.0
225, 215, 11715.0
225, 210, 11665.0
225, 205, 11605.0
225, 200, 11555.0
225, 195, 11505.0
225, 190, 11455.0
225, 185, 11405.0
225, 180, 11355.0
225, 175, 11305.0
225, 170, 11255.0
225, 165, 10805.0
225, 160, 10755.0
225, 155, 10705.0
225, 150, 10655.0
225, 145, 10605.0
225, 140, 10555.0
225, 135, 10505.0
225, 130, 10455.0
225, 125, 10405.0
225, 120, 0
225, 115, 0
225, 110, 0
225, 105, 0
225, 100, 0
225, 95, 0
225, 90, 0
225, 85, 0
225, 80, 0
225, 75, 0
225, 70, 0
225, 65, 0
225, 60, 0
225, 55, 0
225, 50, 0
225, 45, 0
225, 40, 0
225, 35, 0
225, 30, 0
225, 25, 0
225, 20, 0
225, 15, 0
225, 10, 0
225, 5, 0
220, 270, 12230.0
220, 265, 12180.0
220, 260, 12130.0
220, 255, 12080.0
220, 250, 12030.0
220, 245, 11980.0
220, 240, 11930.0
220, 235, 11880.0
220, 230, 11830.0
220, 225, 11780.0
220, 220, 11730.0
220, 215, 11680.0
220, 210, 11630.0
220, 205, 11580.0
220, 200, 11530.0
220, 195, 11480.0
220, 190, 11430.0
220, 185, 11380.0
220, 180, 11330.0
220, 175, 11280.0
220, 170, 11230.0
220, 165, 10780.0
220, 160, 10730.0
220, 155, 10680.0
220, 150, 10630.0
220, 145, 10580.0
220, 140, 10530.0
220, 135, 10480.0
220, 130, 10430.0
220, 125, 10380.0
220, 120, 0
220, 115, 0
220, 110, 0
220, 105, 0
220, 100, 0
220, 95, 0
220, 90, 0
220, 85, 0
220, 80, 0
220, 75, 0
220, 70, 0
220, 65, 0
220, 60, 0
220, 55, 0
220, 50, 0
220, 45, 0
220, 40, 0
220, 35, 0
220, 30, 0
220, 25, 0
220, 20, 0
220, 15, 0
220, 10, 0
220, 5, 0
215, 275, 12255.0
215, 270, 12205.0
215, 265, 12155.0
215, 260, 12105.0
215, 255, 12055.0
215, 250, 12005.0
215, 245, 11955.0
215, 240, 11905.0
215, 235, 11855.0
215, 230, 11805.0
215, 225, 11755.0
215, 220, 11705.0
215, 215, 11655.0
215, 210, 11605.0
215, 205, 11555.0
215, 200, 11505.0
215, 195, 11455.0
215, 190, 11405.0
215, 185, 11355.0
215, 180, 11305.0
215, 175, 11255.0
215, 170, 11205.0
215, 165, 10755.0
215, 160, 10705.0
215, 155, 10655.0
215, 150, 10605.0
215, 145, 10555.0
215, 140, 10505.0
215, 135, 10455.0
215, 130, 10405.0
215, 125, 10355.0
215, 120, 0
215, 115, 0
215, 110, 0
215, 105, 0
215, 100, 0
215, 95, 0
215, 90, 0
215, 85, 0
215, 80, 0
215, 75, 0
215, 70, 0
215, 65, 0
215, 60, 0
215, 55, 0
215, 50, 0
215, 45, 0
215, 40, 0
215, 35, 0
215, 30, 0
215, 25, 0
215, 20, 0
215, 15, 0
215, 10, 0
215, 5, 0
210, 285, 12330.0
210, 280, 12280.0
210, 275, 12230.0
210, 270, 12180.0
210, 265, 12130.0
210, 260, 12080.0
210, 255, 12030.0
210, 250, 11980.0
210, 245, 11930.0
210, 240, 11880.0
210, 235, 11830.0
210, 230, 11780.0
210, 225, 11730.0
210, 220, 11680.0
210, 215, 11630.0
210, 210, 11580.0
210, 205, 11530.0
210, 200, 11480.0
210, 195, 11430.0
210, 190, 11380.0
210, 185, 11330.0
210, 180, 11280.0
210, 175, 11230.0
210, 170, 11180.0
210, 165, 10730.0
210, 160, 10680.0
210, 155, 10630.0
210, 150, 10580.0
210, 145, 10530.0
210, 140, 10480.0
210, 135, 10430.0
210, 130, 10380.0
210, 125, 10330.0
210, 120, 0
210, 115, 0
210, 110, 0
210, 105, 0
210, 100, 0
210, 95, 0
210, 90, 0
210, 85, 0
210, 80, 0
210, 75, 0
210, 70, 0
210, 65, 0
210, 60, 0
210, 55, 0
210, 50, 0
210, 45, 0
210, 40, 0
210, 35, 0
210, 30, 0
210, 25, 0
210, 20, 0
210, 15, 0
210, 10, 0
210, 5, 0
205, 290, 12355.0
205, 285, 12305.0
205, 280, 12255.0
205, 275, 12205.0
205, 270, 12155.0
205, 265, 12105.0
205, 260, 12055.0
205, 255, 12005.0
205, 250, 11955.0
205, 245, 11905.0
205, 240, 11855.0
205, 235, 11805.0
205, 230, 11755.0
205, 225, 11705.0
205, 220, 11655.0
205, 215, 11605.0
205, 210, 11555.0
205, 205, 11505.0
205, 200, 11455.0
205, 195, 11405.0
205, 190, 11355.0
205, 185, 11305.0
205, 180, 11255.0
205, 175, 11205.0
205, 170, 11155.0
205, 165, 10705.0
205, 160, 10655.0
205, 155, 10605.0
205, 150, 10555.0
205, 145, 10505.0
205, 140, 10455.0
205, 135, 10405.0
205, 130, 10355.0
205, 125, 10305.0
205, 120, 0
205, 115, 0
205, 110, 0
205, 105, 0
205, 100, 0
205, 95, 0
205, 90, 0
205, 85, 0
205, 80, 0
205, 75, 0
205, 70, 0
205, 65, 0
205, 60, 0
205, 55, 0
205, 50, 0
205, 45, 0
205, 40, 0
205, 35, 0
205, 30, 0
205, 25, 0
205, 20, 0
205, 15, 0
205, 10, 0
205, 5, 0
200, 300, 12430.0
200, 295, 12380.0
200, 290, 12330.0
200, 285, 12280.0
200, 280, 12230.0
200, 275, 12180.0
200, 270, 12130.0
200, 265, 12080.0
200, 260, 12030.0
200, 255, 11980.0
200, 250, 11930.0
200, 245, 11880.0
200, 240, 11830.0
200, 235, 11780.0
200, 230, 11730.0
200, 225, 11680.0
200, 220, 11630.0
200, 215, 11580.0
200, 210, 11530.0
200, 205, 11480.0
200, 200, 11430.0
200, 195, 11380.0
200, 190, 11330.0
200, 185, 11280.0
200, 180, 11230.0
200, 175, 11180.0
200, 170, 11130.0
200, 165, 10680.0
200, 160, 10630.0
200, 155, 10580.0
200, 150, 10530.0
200, 145, 10480.0
200, 140, 10430.0
200, 135, 10380.0
200, 130, 10330.0
200, 125, 10280.0
200, 120, 0
200, 115, 0
200, 110, 0
200, 105, 0
200, 100, 0
200, 95, 0
200, 90, 0
200, 85, 0
200, 80, 0
200, 75, 0
200, 70, 0
200, 65, 0
200, 60, 0
200, 55, 0
200, 50, 0
200, 45, 0
200, 40, 0
200, 35, 0
200, 30, 0
200, 25, 0
200, 20, 0
200, 15, 0
200, 10, 0
200, 5, 0
195, 305, 12455.0
195, 300, 12405.0
195, 295, 12355.0
195, 290, 12305.0
195, 285, 12255.0
195, 280, 12205.0
195, 275, 12155.0
195, 270, 12105.0
195, 265, 12055.0
195, 260, 12005.0
195, 255, 11955.0
195, 250, 11905.0
195, 245, 11855.0
195, 240, 11805.0
195, 235, 11755.0
195, 230, 11705.0
195, 225, 11655.0
195, 220, 11605.0
195, 215, 11555.0
195, 210, 11505.0
195, 205, 11455.0
195, 200, 11405.0
195, 195, 11355.0
195, 190, 11305.0
195, 185, 11255.0
195, 180, 11205.0
195, 175, 11155.0
195, 170, 11105.0
195, 165, 10655.0
195, 160, 10605.0
195, 155, 10555.0
195, 150, 10505.0
195, 145, 10455.0
195, 140, 10405.0
195, 135, 10355.0
195, 130, 10305.0
195, 125, 10255.0
195, 120, 0
195, 115, 0
195, 110, 0
195, 105, 0
195, 100, 0
195, 95, 0
195, 90, 0
195, 85, 0
195, 80, 0
195, 75, 0
195, 70, 0
195, 65, 0
195, 60, 0
195, 55, 0
195, 50, 0
195, 45, 0
195, 40, 0
195, 35, 0
195, 30, 0
195, 25, 0
195, 20, 0
195, 15, 0
195, 10, 0
195, 5, 0
190, 315, 12530.0
190, 310, 12480.0
190, 305, 12430.0
190, 300, 12380.0
190, 295, 12330.0
190, 290, 12280.0
190, 285, 12230.0
190, 280, 12180.0
190, 275, 12130.0
190, 270, 12080.0
190, 265, 12030.0
190, 260, 11980.0
190, 255, 11930.0
190, 250, 11880.0
190, 245, 11830.0
190, 240, 11780.0
190, 235, 11730.0
190, 230, 11680.0
190, 225, 11630.0
190, 220, 11580.0
190, 215, 11530.0
190, 210, 11480.0
190, 205, 11430.0
190, 200, 11380.0
190, 195, 11330.0
190, 190, 11280.0
190, 185, 11230.0
190, 180, 11180.0
190, 175, 11130.0
190, 170, 11080.0
190, 165, 10630.0
190, 160, 10580.0
190, 155, 10530.0
190, 150, 10480.0
190, 145, 10430.0
190, 140, 10380.0
190, 135, 10330.0
190, 130, 10280.0
190, 125, 10230.0
190, 120, 0
190, 115, 0
190, 110, 0
190, 105, 0
190, 100, 0
190, 95, 0
190, 90, 0
190, 85, 0
190, 80, 0
190, 75, 0
190, 70, 0
190, 65, 0
190, 60, 0
190, 55, 0
190, 50, 0
190, 45, 0
190, 40, 0
190, 35, 0
190, 30, 0
190, 25, 0
190, 20, 0
190, 15, 0
190, 10, 0
190, 5, 0
185, 320, 12555.0
185, 315, 12505.0
185, 310, 12455.0
185, 305, 12405.0
185, 300, 12355.0
185, 295, 12305.0
185, 290, 12255.0
185, 285, 12205.0
185, 280, 12155.0
185, 275, 12105.0
185, 270, 12055.0
185, 265, 12005.0
185, 260, 11955.0
185, 255, 11905.0
185, 250, 11855.0
185, 245, 11805.0
185, 240, 11755.0
185, 235, 11705.0
185, 230, 11655.0
185, 225, 11605.0
185, 220, 11555.0
185, 215, 11505.0
185, 210, 11455.0
185, 205, 11405.0
185, 200, 11355.0
185, 195, 11305.0
185, 190, 11255.0
185, 185, 11205.0
185, 180, 11155.0
185, 175, 11105.0
185, 170, 11055.0
185, 165, 10605.0
185, 160, 10555.0
185, 155, 10505.0
185, 150, 10455.0
185, 145, 10405.0
185, 140, 10355.0
185, 135, 10305.0
185, 130, 10255.0
185, 125, 10205.0
185, 120, 0
185, 115, 0
185, 110, 0
185, 105, 0
185, 100, 0
185, 95, 0
185, 90, 0
185, 85, 0
185, 80, 0
185, 75, 0
185, 70, 0
185, 65, 0
185, 60, 0
185, 55, 0
185, 50, 0
185, 45, 0
185, 40, 0
185, 35, 0
185, 30, 0
185, 25, 0
185, 20, 0
185, 15, 0
185, 10, 0
185, 5, 0
180, 330, 12230.0
180, 325, 12180.0
180, 320, 12130.0
180, 315, 12080.0
180, 310, 12030.0
180, 305, 11980.0
180, 300, 11930.0
180, 295, 11880.0
180, 290, 11830.0
180, 285, 11780.0
180, 280, 11730.0
180, 275, 11680.0
180, 270, 11630.0
180, 265, 11580.0
180, 260, 11530.0
180, 255, 11480.0
180, 250, 11430.0
180, 245, 11380.0
180, 240, 11330.0
180, 235, 11280.0
180, 230, 11230.0
180, 225, 11180.0
180, 220, 11130.0
180, 215, 11080.0
180, 210, 11030.0
180, 205, 10980.0
180, 200, 10930.0
180, 195, 10880.0
180, 190, 10830.0
180, 185, 10780.0
180, 180, 10730.0
180, 175, 10680.0
180, 170, 10630.0
180, 165, 10580.0
180, 160, 10530.0
180, 155, 10480.0
180, 150, 10430.0
180, 145, 10380.0
180, 140, 10330.0
180, 135, 10280.0
180, 130, 10230.0
180, 125, 10180.0
180, 120, 0
180, 115, 0
180, 110, 0
180, 105, 0
180, 100, 0
180, 95, 0
180, 90, 0
180, 85, 0
180, 80, 0
180, 75, 0
180, 70, 0
180, 65, 0
180, 60, 0
180, 55, 0
180, 50, 0
180, 45, 0
180, 40, 0
180, 35, 0
180, 30, 0
180, 25, 0
180, 20, 0
180, 15, 0
180, 10, 0
180, 5, 0
175, 335, 12255.0
175, 330, 12205.0
175, 325, 12155.0
175, 320, 12105.0
175, 315, 12055.0
175, 310, 12005.0
175, 305, 11955.0
175, 300, 11905.0
175, 295, 11855.0
175, 290, 11805.0
175, 285, 11755.0
175, 280, 11705.0
175, 275, 11655.0
175, 270, 11605.0
175, 265, 11555.0
175, 260, 11505.0
175, 255, 11455.0
175, 250, 11405.0
175, 245, 11355.0
175, 240, 11305.0
175, 235, 11255.0
175, 230, 11205.0
175, 225, 11155.0
175, 220, 11105.0
175, 215, 11055.0
175, 210, 11005.0
175, 205, 10955.0
175, 200, 10905.0
175, 195, 10855.0
175, 190, 10805.0
175, 185, 10755.0
175, 180, 10705.0
175, 175, 10655.0
175, 170, 10605.0
175, 165, 10555.0
175, 160, 10505.0
175, 155, 10455.0
175, 150, 10405.0
175, 145, 10355.0
175, 140, 10305.0
175, 135, 10255.0
175, 130, 10205.0
175, 125, 10155.0
175, 120, 0
175, 115, 0
175, 110, 0
175, 105, 0
175, 100, 0
175, 95, 0
175, 90, 0
175, 85, 0
175, 80, 0
175, 75, 0
175, 70, 0
175, 65, 0
175, 60, 0
175, 55, 0
175, 50, 0
175, 45, 0
175, 40, 0
175, 35, 0
175, 30, 0
175, 25, 0
175, 20, 0
175, 15, 0
175, 10, 0
175, 5, 0
170, 345, 12330.0
170, 340, 12280.0
170, 335, 12230.0
170, 330, 12180.0
170, 325, 12130.0
170, 320, 12080.0
170, 315, 12030.0
170, 310, 11980.0
170, 305, 11930.0
170, 300, 11880.0
170, 295, 11830.0
170, 290, 11780.0
170, 285, 11730.0
170, 280, 11680.0
170, 275, 11630.0
170, 270, 11580.0
170, 265, 11530.0
170, 260, 11480.0
170, 255, 11430.0
170, 250, 11380.0
170, 245, 11330.0
170, 240, 11280.0
170, 235, 11230.0
170, 230, 11180.0
170, 225, 11130.0
170, 220, 11080.0
170, 215, 11030.0
170, 210, 10980.0
170, 205, 10930.0
170, 200, 10880.0
170, 195, 10830.0
170, 190, 10780.0
170, 185, 10730.0
170, 180, 10680.0
170, 175, 10630.0
170, 170, 10580.0
170, 165, 10530.0
170, 160, 10480.0
170, 155, 10430.0
170, 150, 10380.0
170, 145, 10330.0
170, 140, 10280.0
170, 135, 10230.0
170, 130, 10180.0
170, 125, 10130.0
170, 120, 0
170, 115, 0
170, 110, 0
170, 105, 0
170, 100, 0
170, 95, 0
170, 90, 0
170, 85, 0
170, 80, 0
170, 75, 0
170, 70, 0
170, 65, 0
170, 60, 0
170, 55, 0
170, 50, 0
170, 45, 0
170, 40, 0
170, 35, 0
170, 30, 0
170, 25, 0
170, 20, 0
170, 15, 0
170, 10, 0
170, 5, 0
165, 350, 12355.0
165, 345, 12305.0
165, 340, 12255.0
165, 335, 12205.0
165, 330, 12155.0
165, 325, 12105.0
165, 320, 12055.0
165, 315, 12005.0
165, 310, 11955.0
165, 305, 11905.0
165, 300, 11855.0
165, 295, 11805.0
165, 290, 11755.0
165, 285, 11705.0
165, 280, 11655.0
165, 275, 11605.0
165, 270, 11555.0
165, 265, 11505.0
165, 260, 11455.0
165, 255, 11405.0
165, 250, 11355.0
165, 245, 11305.0
165, 240, 11255.0
165, 235, 11205.0
165, 230, 11155.0
165, 225, 11105.0
165, 220, 11055.0
165, 215, 11005.0
165, 210, 10955.0
165, 205, 10905.0
165, 200, 10855.0
165, 195, 10805.0
165, 190, 10755.0
165, 185, 10705.0
165, 180, 10655.0
165, 175, 10605.0
165, 170, 10555.0
165, 165, 10505.0
165, 160, 10455.0
165, 155, 10405.0
165, 150, 10355.0
165, 145, 10305.0
165, 140, 10255.0
165, 135, 10205.0
165, 130, 10155.0
165, 125, 10105.0
165, 120, 0
165, 115, 0
165, 110, 0
165, 105, 0
165, 100, 0
165, 95, 0
165, 90, 0
165, 85, 0
165, 80, 0
165, 75, 0
165, 70, 0
165, 65, 0
165, 60, 0
165, 55, 0
165, 50, 0
165, 45, 0
165, 40, 0
165, 35, 0
165, 30, 0
165, 25, 0
165, 20, 0
165, 15, 0
165, 10, 0
165, 5, 0
160, 360, 12430.0
160, 355, 12380.0
160, 350, 12330.0
160, 345, 12280.0
160, 340, 12230.0
160, 335, 12180.0
160, 330, 12130.0
160, 325, 12080.0
160, 320, 12030.0
160, 315, 11980.0
160, 310, 11930.0
160, 305, 11880.0
160, 300, 11830.0
160, 295, 11780.0
160, 290, 11730.0
160, 285, 11680.0
160, 280, 11630.0
160, 275, 11580.0
160, 270, 11530.0
160, 265, 11480.0
160, 260, 11430.0
160, 255, 11380.0
160, 250, 11330.0
160, 245, 11280.0
160, 240, 11230.0
160, 235, 11180.0
160, 230, 11130.0
160, 225, 11080.0
160, 220, 11030.0
160, 215, 10980.0
160, 210, 10930.0
160, 205, 10880.0
160, 200, 10830.0
160, 195, 10780.0
160, 190, 10730.0
160, 185, 10680.0
160, 180, 10630.0
160, 175, 10580.0
160, 170, 10530.0
160, 165, 10480.0
160, 160, 10430.0
160, 155, 10380.0
160, 150, 10330.0
160, 145, 10280.0
160, 140, 10230.0
160, 135, 10180.0
160, 130, 10130.0
160, 125, 10080.0
160, 120, 0
160, 115, 0
160, 110, 0
160, 105, 0
160, 100, 0
160, 95, 0
160, 90, 0
160, 85, 0
160, 80, 0
160, 75, 0
160, 70, 0
160, 65, 0
160, 60, 0
160, 55, 0
160, 50, 0
160, 45, 0
160, 40, 0
160, 35, 0
160, 30, 0
160, 25, 0
160, 20, 0
160, 15, 0
160, 10, 0
160, 5, 0
155, 365, 12455.0
155, 360, 12405.0
155, 355, 12355.0
155, 350, 12305.0
155, 345, 12255.0
155, 340, 12205.0
155, 335, 12155.0
155, 330, 12105.0
155, 325, 12055.0
155, 320, 12005.0
155, 315, 11955.0
155, 310, 11905.0
155, 305, 11855.0
155, 300, 11805.0
155, 295, 11755.0
155, 290, 11705.0
155, 285, 11655.0
155, 280, 11605.0
155, 275, 11555.0
155, 270, 11505.0
155, 265, 11455.0
155, 260, 11405.0
155, 255, 11355.0
155, 250, 11305.0
155, 245, 11255.0
155, 240, 11205.0
155, 235, 11155.0
155, 230, 11105.0
155, 225, 11055.0
155, 220, 11005.0
155, 215, 10955.0
155, 210, 10905.0
155, 205, 10855.0
155, 200, 10805.0
155, 195, 10755.0
155, 190, 10705.0
155, 185, 10655.0
155, 180, 10605.0
155, 175, 10555.0
155, 170, 10505.0
155, 165, 10455.0
155, 160, 10405.0
155, 155, 10355.0
155, 150, 10305.0
155, 145, 10255.0
155, 140, 10205.0
155, 135, 10155.0
155, 130, 10105.0
155, 125, 10055.0
155, 120, 0
155, 115, 0
155, 110, 0
155, 105, 0
155, 100, 0
155, 95, 0
155, 90, 0
155, 85, 0
155, 80, 0
155, 75, 0
155, 70, 0
155, 65, 0
155, 60, 0
155, 55, 0
155, 50, 0
155, 45, 0
155, 40, 0
155, 35, 0
155, 30, 0
155, 25, 0
155, 20, 0
155, 15, 0
155, 10, 0
155, 5, 0
150, 375, 12530.0
150, 370, 12480.0
150, 365, 12430.0
150, 360, 12380.0
150, 355, 12330.0
150, 350, 12280.0
150, 345, 12230.0
150, 340, 12180.0
150, 335, 12130.0
150, 330, 12080.0
150, 325, 12030.0
150, 320, 11980.0
150, 315, 11930.0
150, 310, 11880.0
150, 305, 11830.0
150, 300, 11780.0
150, 295, 11730.0
150, 290, 11680.0
150, 285, 11630.0
150, 280, 11580.0
150, 275, 11530.0
150, 270, 11480.0
150, 265, 11430.0
150, 260, 11380.0
150, 255, 11330.0
150, 250, 11280.0
150, 245, 11230.0
150, 240, 11180.0
150, 235, 11130.0
150, 230, 11080.0
150, 225, 11030.0
150, 220, 10980.0
150, 215, 10930.0
150, 210, 10880.0
150, 205, 10830.0
150, 200, 10780.0
150, 195, 10730.0
150, 190, 10680.0
150, 185, 10630.0
150, 180, 10580.0
150, 175, 10530.0
150, 170, 10480.0
150, 165, 10430.0
150, 160, 10380.0
150, 155, 10330.0
150, 150, 10280.0
150, 145, 10230.0
150, 140, 10180.0
150, 135, 10130.0
150, 130, 10080.0
150, 125, 10030.0
150, 120, 0
150, 115, 0
150, 110, 0
150, 105, 0
150, 100, 0
150, 95, 0
150, 90, 0
150, 85, 0
150, 80, 0
150, 75, 0
150, 70, 0
150, 65, 0
150, 60, 0
150, 55, 0
150, 50, 0
150, 45, 0
150, 40, 0
150, 35, 0
150, 30, 0
150, 25, 0
150, 20, 0
150, 15, 0
150, 10, 0
150, 5, 0
145, 380, 12555.0
145, 375, 12505.0
145, 370, 12455.0
145, 365, 12405.0
145, 360, 12355.0
145, 355, 12305.0
145, 350, 12255.0
145, 345, 12205.0
145, 340, 12155.0
145, 335, 12105.0
145, 330, 12055.0
145, 325, 12005.0
145, 320, 11955.0
145, 315, 11905.0
145, 310, 11855.0
145, 305, 11805.0
145, 300, 11755.0
145, 295, 11705.0
145, 290, 11655.0
145, 285, 11605.0
145, 280, 11555.0
145, 275, 11505.0
145, 270, 11455.0
145, 265, 11405.0
145, 260, 11355.0
145, 255, 11305.0
145, 250, 11255.0
145, 245, 11205.0
145, 240, 11155.0
145, 235, 11105.0
145, 230, 11055.0
145, 225, 11005.0
145, 220, 10955.0
145, 215, 10905.0
145, 210, 10855.0
145, 205, 10805.0
145, 200, 10755.0
145, 195, 10705.0
145, 190, 10655.0
145, 185, 10605.0
145, 180, 10555.0
145, 175, 10505.0
145, 170, 10455.0
145, 165, 10405.0
145, 160, 10355.0
145, 155, 10305.0
145, 150, 10255.0
145, 145, 10205.0
145, 140, 10155.0
145, 135, 10105.0
145, 130, 10055.0
145, 125, 10005.0
145, 120, 0
145, 115, 0
145, 110, 0
145, 105, 0
145, 100, 0
145, 95, 0
145, 90, 0
145, 85, 0
145, 80, 0
145, 75, 0
145, 70, 0
145, 65, 0
145, 60, 0
145, 55, 0
145, 50, 0
145, 45, 0
145, 40, 0
145, 35, 0
145, 30, 0
145, 25, 0
145, 20, 0
145, 15, 0
145, 10, 0
145, 5, 0
140, 390, 12630.0
140, 385, 12580.0
140, 380, 12530.0
140, 375, 12480.0
140, 370, 12430.0
140, 365, 12380.0
140, 360, 12330.0
140, 355, 12280.0
140, 350, 12230.0
140, 345, 12180.0
140, 340, 12130.0
140, 335, 12080.0
140, 330, 12030.0
140, 325, 11980.0
140, 320, 11930.0
140, 315, 11880.0
140, 310, 11830.0
140, 305, 11780.0
140, 300, 11730.0
140, 295, 11680.0
140, 290, 11630.0
140, 285, 11580.0
140, 280, 11530.0
140, 275, 11480.0
140, 270, 11430.0
140, 265, 11380.0
140, 260, 11330.0
140, 255, 11280.0
140, 250, 11230.0
140, 245, 11180.0
140, 240, 11130.0
140, 235, 11080.0
140, 230, 11030.0
140, 225, 10980.0
140, 220, 10930.0
140, 215, 10880.0
140, 210, 10830.0
140, 205, 10780.0
140, 200, 10730.0
140, 195, 10680.0
140, 190, 10630.0
140, 185, 10580.0
140, 180, 10530.0
140, 175, 10480.0
140, 170, 10430.0
140, 165, 10380.0
140, 160, 10330.0
140, 155, 10280.0
140, 150, 10230.0
140, 145, 10180.0
140, 140, 10130.0
140, 135, 10080.0
140, 130, 10030.0
140, 125, 9980.0
140, 120, 0
140, 115, 0
140, 110, 0
140, 105, 0
140, 100, 0
140, 95, 0
140, 90, 0
140, 85, 0
140, 80, 0
140, 75, 0
140, 70, 0
140, 65, 0
140, 60, 0
140, 55, 0
140, 50, 0
140, 45, 0
140, 40, 0
140, 35, 0
140, 30, 0
140, 25, 0
140, 20, 0
140, 15, 0
140, 10, 0
140, 5, 0
135, 395, 12655.0
135, 390, 12605.0
135, 385, 12555.0
135, 380, 12505.0
135, 375, 12455.0
135, 370, 12405.0
135, 365, 12355.0
135, 360, 12305.0
135, 355, 12255.0
135, 350, 12205.0
135, 345, 12155.0
135, 340, 12105.0
135, 335, 12055.0
135, 330, 12005.0
135, 325, 11955.0
135, 320, 11905.0
135, 315, 11855.0
135, 310, 11805.0
135, 305, 11755.0
135, 300, 11705.0
135, 295, 11655.0
135, 290, 11605.0
135, 285, 11555.0
135, 280, 11505.0
135, 275, 11455.0
135, 270, 11405.0
135, 265, 11355.0
135, 260, 11305.0
135, 255, 11255.0
135, 250, 11205.0
135, 245, 11155.0
135, 240, 11105.0
135, 235, 11055.0
135, 230, 11005.0
135, 225, 10955.0
135, 220, 10905.0
135, 215, 10855.0
135, 210, 10805.0
135, 205, 10755.0
135, 200, 10705.0
135, 195, 10655.0
135, 190, 10605.0
135, 185, 10555.0
135, 180, 10505.0
135, 175, 10455.0
135, 170, 10405.0
135, 165, 10355.0
135, 160, 10305.0
135, 155, 10255.0
135, 150, 10205.0
135, 145, 10155.0
135, 140, 10105.0
135, 135, 10055.0
135, 130, 10005.0
135, 125, 9955.0
135, 120, 0
135, 115, 0
135, 110, 0
135, 105, 0
135, 100, 0
135, 95, 0
135, 90, 0
135, 85, 0
135, 80, 0
135, 75, 0
135, 70, 0
135, 65, 0
135, 60, 0
135, 55, 0
135, 50, 0
135, 45, 0
135, 40, 0
135, 35, 0
135, 30, 0
135, 25, 0
135, 20, 0
135, 15, 0
135, 10, 0
135, 5, 0
130, 405, 12730.0
130, 400, 12680.0
130, 395, 12630.0
130, 390, 12580.0
130, 385, 12530.0
130, 380, 12480.0
130, 375, 12430.0
130, 370, 12380.0
130, 365, 12330.0
130, 360, 12280.0
130, 355, 12230.0
130, 350, 12180.0
130, 345, 12130.0
130, 340, 12080.0
130, 335, 12030.0
130, 330, 11980.0
130, 325, 11930.0
130, 320, 11880.0
130, 315, 11830.0
130, 310, 11780.0
130, 305, 11730.0
130, 300, 11680.0
130, 295, 11630.0
130, 290, 11580.0
130, 285, 11530.0
130, 280, 11480.0
130, 275, 11430.0
130, 270, 11380.0
130, 265, 11330.0
130, 260, 11280.0
130, 255, 11230.0
130, 250, 11180.0
130, 245, 11130.0
130, 240, 11080.0
130, 235, 11030.0
130, 230, 10980.0
130, 225, 10930.0
130, 220, 10880.0
130, 215, 10830.0
130, 210, 10780.0
130, 205, 10730.0
130, 200, 10680.0
130, 195, 10630.0
130, 190, 10580.0
130, 185, 10530.0
130, 180, 10480.0
130, 175, 10430.0
130, 170, 10380.0
130, 165, 10330.0
130, 160, 10280.0
130, 155, 10230.0
130, 150, 10180.0
130, 145, 10130.0
130, 140, 10080.0
130, 135, 10030.0
130, 130, 9980.0
130, 125, 9930.0
130, 120, 0
130, 115, 0
130, 110, 0
130, 105, 0
130, 100, 0
130, 95, 0
130, 90, 0
130, 85, 0
130, 80, 0
130, 75, 0
130, 70, 0
130, 65, 0
130, 60, 0
130, 55, 0
130, 50, 0
130, 45, 0
130, 40, 0
130, 35, 0
130, 30, 0
130, 25, 0
130, 20, 0
130, 15, 0
130, 10, 0
130, 5, 0
125, 410, 0
125, 405, 0
125, 400, 0
125, 395, 0
125, 390, 0
125, 385, 0
125, 380, 0
125, 375, 0
125, 370, 0
125, 365, 0
125, 360, 0
125, 355, 0
125, 350, 0
125, 345, 0
125, 340, 0
125, 335, 0
125, 330, 0
125, 325, 0
125, 320, 0
125, 315, 0
125, 310, 0
125, 305, 0
125, 300, 0
125, 295, 0
125, 290, 0
125, 285, 0
125, 280, 0
125, 275, 0
125, 270, 0
125, 265, 0
125, 260, 0
125, 255, 0
125, 250, 0
125, 245, 0
125, 240, 0
125, 235, 0
125, 230, 0
125, 225, 0
125, 220, 0
125, 215, 0
125, 210, 0
125, 205, 0
125, 200, 0
125, 195, 0
125, 190, 0
125, 185, 0
125, 180, 0
125, 175, 0
125, 170, 0
125, 165, 0
125, 160, 0
125, 155, 0
125, 150, 0
125, 145, 0
125, 140, 0
125, 135, 0
125, 130, 0
125, 125, 0
125, 120, 0
125, 115, 0
125, 110, 0
125, 105, 0
125, 100, 0
125, 95, 0
125, 90, 0
125, 85, 0
125, 80, 0
125, 75, 0
125, 70, 0
125, 65, 0
125, 60, 0
125, 55, 0
125, 50, 0
125, 45, 0
125, 40, 0
125, 35, 0
125, 30, 0
125, 25, 0
125, 20, 0
125, 15, 0
125, 10, 0
125, 5, 0
120, 420, 0
120, 415, 0
120, 410, 0
120, 405, 0
120, 400, 0
120, 395, 0
120, 390, 0
120, 385, 0
120, 380, 0
120, 375, 0
120, 370, 0
120, 365, 0
120, 360, 0
120, 355, 0
120, 350, 0
120, 345, 0
120, 340, 0
120, 335, 0
120, 330, 0
120, 325, 0
120, 320, 0
120, 315, 0
120, 310, 0
120, 305, 0
120, 300, 0
120, 295, 0
120, 290, 0
120, 285, 0
120, 280, 0
120, 275, 0
120, 270, 0
120, 265, 0
120, 260, 0
120, 255, 0
120, 250, 0
120, 245, 0
120, 240, 0
120, 235, 0
120, 230, 0
120, 225, 0
120, 220, 0
120, 215, 0
120, 210, 0
120, 205, 0
120, 200, 0
120, 195, 0
120, 190, 0
120, 185, 0
120, 180, 0
120, 175, 0
120, 170, 0
120, 165, 0
120, 160, 0
120, 155, 0
120, 150, 0
120, 145, 0
120, 140, 0
120, 135, 0
120, 130, 0
120, 125, 0
120, 120, 0
120, 115, 0
120, 110, 0
120, 105, 0
120, 100, 0
120, 95, 0
120, 90, 0
120, 85, 0
120, 80, 0
120, 75, 0
120, 70, 0
120, 65, 0
120, 60, 0
120, 55, 0
120, 50, 0
120, 45, 0
120, 40, 0
120, 35, 0
120, 30, 0
120, 25, 0
120, 20, 0
120, 15, 0
120, 10, 0
120, 5, 0
115, 425, 0
115, 420, 0
115, 415, 0
115, 410, 0
115, 405, 0
115, 400, 0
115, 395, 0
115, 390, 0
115, 385, 0
115, 380, 0
115, 375, 0
115, 370, 0
115, 365, 0
115, 360, 0
115, 355, 0
115, 350, 0
115, 345, 0
115, 340, 0
115, 335, 0
115, 330, 0
115, 325, 0
115, 320, 0
115, 315, 0
115, 310, 0
115, 305, 0
115, 300, 0
115, 295, 0
115, 290, 0
115, 285, 0
115, 280, 0
115, 275, 0
115, 270, 0
115, 265, 0
115, 260, 0
115, 255, 0
115, 250, 0
115, 245, 0
115, 240, 0
115, 235, 0
115, 230, 0
115, 225, 0
115, 220, 0
115, 215, 0
115, 210, 0
115, 205, 0
115, 200, 0
115, 195, 0
115, 190, 0
115, 185, 0
115, 180, 0
115, 175, 0
115, 170, 0
115, 165, 0
115, 160, 0
115, 155, 0
115, 150, 0
115, 145, 0
115, 140, 0
115, 135, 0
115, 130, 0
115, 125, 0
115, 120, 0
115, 115, 0
115, 110, 0
115, 105, 0
115, 100, 0
115, 95, 0
115, 90, 0
115, 85, 0
115, 80, 0
115, 75, 0
115, 70, 0
115, 65, 0
115, 60, 0
115, 55, 0
115, 50, 0
115, 45, 0
115, 40, 0
115, 35, 0
115, 30, 0
115, 25, 0
115, 20, 0
115, 15, 0
115, 10, 0
115, 5, 0
110, 435, 0
110, 430, 0
110, 425, 0
110, 420, 0
110, 415, 0
110, 410, 0
110, 405, 0
110, 400, 0
110, 395, 0
110, 390, 0
110, 385, 0
110, 380, 0
110, 375, 0
110, 370, 0
110, 365, 0
110, 360, 0
110, 355, 0
110, 350, 0
110, 345, 0
110, 340, 0
110, 335, 0
110, 330, 0
110, 325, 0
110, 320, 0
110, 315, 0
110, 310, 0
110, 305, 0
110, 300, 0
110, 295, 0
110, 290, 0
110, 285, 0
110, 280, 0
110, 275, 0
110, 270, 0
110, 265, 0
110, 260, 0
110, 255, 0
110, 250, 0
110, 245, 0
110, 240, 0
110, 235, 0
110, 230, 0
110, 225, 0
110, 220, 0
110, 215, 0
110, 210, 0
110, 205, 0
110, 200, 0
110, 195, 0
110, 190, 0
110, 185, 0
110, 180, 0
110, 175, 0
110, 170, 0
110, 165, 0
110, 160, 0
110, 155, 0
110, 150, 0
110, 145, 0
110, 140, 0
110, 135, 0
110, 130, 0
110, 125, 0
110, 120, 0
110, 115, 0
110, 110, 0
110, 105, 0
110, 100, 0
110, 95, 0
110, 90, 0
110, 85, 0
110, 80, 0
110, 75, 0
110, 70, 0
110, 65, 0
110, 60, 0
110, 55, 0
110, 50, 0
110, 45, 0
110, 40, 0
110, 35, 0
110, 30, 0
110, 25, 0
110, 20, 0
110, 15, 0
110, 10, 0
110, 5, 0
105, 440, 0
105, 435, 0
105, 430, 0
105, 425, 0
105, 420, 0
105, 415, 0
105, 410, 0
105, 405, 0
105, 400, 0
105, 395, 0
105, 390, 0
105, 385, 0
105, 380, 0
105, 375, 0
105, 370, 0
105, 365, 0
105, 360, 0
105, 355, 0
105, 350, 0
105, 345, 0
105, 340, 0
105, 335, 0
105, 330, 0
105, 325, 0
105, 320, 0
105, 315, 0
105, 310, 0
105, 305, 0
105, 300, 0
105, 295, 0
105, 290, 0
105, 285, 0
105, 280, 0
105, 275, 0
105, 270, 0
105, 265, 0
105, 260, 0
105, 255, 0
105, 250, 0
105, 245, 0
105, 240, 0
105, 235, 0
105, 230, 0
105, 225, 0
105, 220, 0
105, 215, 0
105, 210, 0
105, 205, 0
105, 200, 0
105, 195, 0
105, 190, 0
105, 185, 0
105, 180, 0
105, 175, 0
105, 170, 0
105, 165, 0
105, 160, 0
105, 155, 0
105, 150, 0
105, 145, 0
105, 140, 0
105, 135, 0
105, 130, 0
105, 125, 0
105, 120, 0
105, 115, 0
105, 110, 0
105, 105, 0
105, 100, 0
105, 95, 0
105, 90, 0
105, 85, 0
105, 80, 0
105, 75, 0
105, 70, 0
105, 65, 0
105, 60, 0
105, 55, 0
105, 50, 0
105, 45, 0
105, 40, 0
105, 35, 0
105, 30, 0
105, 25, 0
105, 20, 0
105, 15, 0
105, 10, 0
105, 5, 0
100, 450, 0
100, 445, 0
100, 440, 0
100, 435, 0
100, 430, 0
100, 425, 0
100, 420, 0
100, 415, 0
100, 410, 0
100, 405, 0
100, 400, 0
100, 395, 0
100, 390, 0
100, 385, 0
100, 380, 0
100, 375, 0
100, 370, 0
100, 365, 0
100, 360, 0
100, 355, 0
100, 350, 0
100, 345, 0
100, 340, 0
100, 335, 0
100, 330, 0
100, 325, 0
100, 320, 0
100, 315, 0
100, 310, 0
100, 305, 0
100, 300, 0
100, 295, 0
100, 290, 0
100, 285, 0
100, 280, 0
100, 275, 0
100, 270, 0
100, 265, 0
100, 260, 0
100, 255, 0
100, 250, 0
100, 245, 0
100, 240, 0
100, 235, 0
100, 230, 0
100, 225, 0
100, 220, 0
100, 215, 0
100, 210, 0
100, 205, 0
100, 200, 0
100, 195, 0
100, 190, 0
100, 185, 0
100, 180, 0
100, 175, 0
100, 170, 0
100, 165, 0
100, 160, 0
100, 155, 0
100, 150, 0
100, 145, 0
100, 140, 0
100, 135, 0
100, 130, 0
100, 125, 0
100, 120, 0
100, 115, 0
100, 110, 0
100, 105, 0
100, 100, 0
100, 95, 0
100, 90, 0
100, 85, 0
100, 80, 0
100, 75, 0
100, 70, 0
100, 65, 0
100, 60, 0
100, 55, 0
100, 50, 0
100, 45, 0
100, 40, 0
100, 35, 0
100, 30, 0
100, 25, 0
100, 20, 0
100, 15, 0
100, 10, 0
100, 5, 0
95, 455, 0
95, 450, 0
95, 445, 0
95, 440, 0
95, 435, 0
95, 430, 0
95, 425, 0
95, 420, 0
95, 415, 0
95, 410, 0
95, 405, 0
95, 400, 0
95, 395, 0
95, 390, 0
95, 385, 0
95, 380, 0
95, 375, 0
95, 370, 0
95, 365, 0
95, 360, 0
95, 355, 0
95, 350, 0
95, 345, 0
95, 340, 0
95, 335, 0
95, 330, 0
95, 325, 0
95, 320, 0
95, 315, 0
95, 310, 0
95, 305, 0
95, 300, 0
95, 295, 0
95, 290, 0
95, 285, 0
95, 280, 0
95, 275, 0
95, 270, 0
95, 265, 0
95, 260, 0
95, 255, 0
95, 250, 0
95, 245, 0
95, 240, 0
95, 235, 0
95, 230, 0
95, 225, 0
95, 220, 0
95, 215, 0
95, 210, 0
95, 205, 0
95, 200, 0
95, 195, 0
95, 190, 0
95, 185, 0
95, 180, 0
95, 175, 0
95, 170, 0
95, 165, 0
95, 160, 0
95, 155, 0
95, 150, 0
95, 145, 0
95, 140, 0
95, 135, 0
95, 130, 0
95, 125, 0
95, 120, 0
95, 115, 0
95, 110, 0
95, 105, 0
95, 100, 0
95, 95, 0
95, 90, 0
95, 85, 0
95, 80, 0
95, 75, 0
95, 70, 0
95, 65, 0
95, 60, 0
95, 55, 0
95, 50, 0
95, 45, 0
95, 40, 0
95, 35, 0
95, 30, 0
95, 25, 0
95, 20, 0
95, 15, 0
95, 10, 0
95, 5, 0
90, 465, 0
90, 460, 0
90, 455, 0
90, 450, 0
90, 445, 0
90, 440, 0
90, 435, 0
90, 430, 0
90, 425, 0
90, 420, 0
90, 415, 0
90, 410, 0
90, 405, 0
90, 400, 0
90, 395, 0
90, 390, 0
90, 385, 0
90, 380, 0
90, 375, 0
90, 370, 0
90, 365, 0
90, 360, 0
90, 355, 0
90, 350, 0
90, 345, 0
90, 340, 0
90, 335, 0
90, 330, 0
90, 325, 0
90, 320, 0
90, 315, 0
90, 310, 0
90, 305, 0
90, 300, 0
90, 295, 0
90, 290, 0
90, 285, 0
90, 280, 0
90, 275, 0
90, 270, 0
90, 265, 0
90, 260, 0
90, 255, 0
90, 250, 0
90, 245, 0
90, 240, 0
90, 235, 0
90, 230, 0
90, 225, 0
90, 220, 0
90, 215, 0
90, 210, 0
90, 205, 0
90, 200, 0
90, 195, 0
90, 190, 0
90, 185, 0
90, 180, 0
90, 175, 0
90, 170, 0
90, 165, 0
90, 160, 0
90, 155, 0
90, 150, 0
90, 145, 0
90, 140, 0
90, 135, 0
90, 130, 0
90, 125, 0
90, 120, 0
90, 115, 0
90, 110, 0
90, 105, 0
90, 100, 0
90, 95, 0
90, 90, 0
90, 85, 0
90, 80, 0
90, 75, 0
90, 70, 0
90, 65, 0
90, 60, 0
90, 55, 0
90, 50, 0
90, 45, 0
90, 40, 0
90, 35, 0
90, 30, 0
90, 25, 0
90, 20, 0
90, 15, 0
90, 10, 0
90, 5, 0
85, 470, 0
85, 465, 0
85, 460, 0
85, 455, 0
85, 450, 0
85, 445, 0
85, 440, 0
85, 435, 0
85, 430, 0
85, 425, 0
85, 420, 0
85, 415, 0
85, 410, 0
85, 405, 0
85, 400, 0
85, 395, 0
85, 390, 0
85, 385, 0
85, 380, 0
85, 375, 0
85, 370, 0
85, 365, 0
85, 360, 0
85, 355, 0
85, 350, 0
85, 345, 0
85, 340, 0
85, 335, 0
85, 330, 0
85, 325, 0
85, 320, 0
85, 315, 0
85, 310, 0
85, 305, 0
85, 300, 0
85, 295, 0
85, 290, 0
85, 285, 0
85, 280, 0
85, 275, 0
85, 270, 0
85, 265, 0
85, 260, 0
85, 255, 0
85, 250, 0
85, 245, 0
85, 240, 0
85, 235, 0
85, 230, 0
85, 225, 0
85, 220, 0
85, 215, 0
85, 210, 0
85, 205, 0
85, 200, 0
85, 195, 0
85, 190, 0
85, 185, 0
85, 180, 0
85, 175, 0
85, 170, 0
85, 165, 0
85, 160, 0
85, 155, 0
85, 150, 0
85, 145, 0
85, 140, 0
85, 135, 0
85, 130, 0
85, 125, 0
85, 120, 0
85, 115, 0
85, 110, 0
85, 105, 0
85, 100, 0
85, 95, 0
85, 90, 0
85, 85, 0
85, 80, 0
85, 75, 0
85, 70, 0
85, 65, 0
85, 60, 0
85, 55, 0
85, 50, 0
85, 45, 0
85, 40, 0
85, 35, 0
85, 30, 0
85, 25, 0
85, 20, 0
85, 15, 0
85, 10, 0
85, 5, 0
80, 480, 0
80, 475, 0
80, 470, 0
80, 465, 0
80, 460, 0
80, 455, 0
80, 450, 0
80, 445, 0
80, 440, 0
80, 435, 0
80, 430, 0
80, 425, 0
80, 420, 0
80, 415, 0
80, 410, 0
80, 405, 0
80, 400, 0
80, 395, 0
80, 390, 0
80, 385, 0
80, 380, 0
80, 375, 0
80, 370, 0
80, 365, 0
80, 360, 0
80, 355, 0
80, 350, 0
80, 345, 0
80, 340, 0
80, 335, 0
80, 330, 0
80, 325, 0
80, 320, 0
80, 315, 0
80, 310, 0
80, 305, 0
80, 300, 0
80, 295, 0
80, 290, 0
80, 285, 0
80, 280, 0
80, 275, 0
80, 270, 0
80, 265, 0
80, 260, 0
80, 255, 0
80, 250, 0
80, 245, 0
80, 240, 0
80, 235, 0
80, 230, 0
80, 225, 0
80, 220, 0
80, 215, 0
80, 210, 0
80, 205, 0
80, 200, 0
80, 195, 0
80, 190, 0
80, 185, 0
80, 180, 0
80, 175, 0
80, 170, 0
80, 165, 0
80, 160, 0
80, 155, 0
80, 150, 0
80, 145, 0
80, 140, 0
80, 135, 0
80, 130, 0
80, 125, 0
80, 120, 0
80, 115, 0
80, 110, 0
80, 105, 0
80, 100, 0
80, 95, 0
80, 90, 0
80, 85, 0
80, 80, 0
80, 75, 0
80, 70, 0
80, 65, 0
80, 60, 0
80, 55, 0
80, 50, 0
80, 45, 0
80, 40, 0
80, 35, 0
80, 30, 0
80, 25, 0
80, 20, 0
80, 15, 0
80, 10, 0
80, 5, 0
75, 485, 0
75, 480, 0
75, 475, 0
75, 470, 0
75, 465, 0
75, 460, 0
75, 455, 0
75, 450, 0
75, 445, 0
75, 440, 0
75, 435, 0
75, 430, 0
75, 425, 0
75, 420, 0
75, 415, 0
75, 410, 0
75, 405, 0
75, 400, 0
75, 395, 0
75, 390, 0
75, 385, 0
75, 380, 0
75, 375, 0
75, 370, 0
75, 365, 0
75, 360, 0
75, 355, 0
75, 350, 0
75, 345, 0
75, 340, 0
75, 335, 0
75, 330, 0
75, 325, 0
75, 320, 0
75, 315, 0
75, 310, 0
75, 305, 0
75, 300, 0
75, 295, 0
75, 290, 0
75, 285, 0
75, 280, 0
75, 275, 0
75, 270, 0
75, 265, 0
75, 260, 0
75, 255, 0
75, 250, 0
75, 245, 0
75, 240, 0
75, 235, 0
75, 230, 0
75, 225, 0
75, 220, 0
75, 215, 0
75, 210, 0
75, 205, 0
75, 200, 0
75, 195, 0
75, 190, 0
75, 185, 0
75, 180, 0
75, 175, 0
75, 170, 0
75, 165, 0
75, 160, 0
75, 155, 0
75, 150, 0
75, 145, 0
75, 140, 0
75, 135, 0
75, 130, 0
75, 125, 0
75, 120, 0
75, 115, 0
75, 110, 0
75, 105, 0
75, 100, 0
75, 95, 0
75, 90, 0
75, 85, 0
75, 80, 0
75, 75, 0
75, 70, 0
75, 65, 0
75, 60, 0
75, 55, 0
75, 50, 0
75, 45, 0
75, 40, 0
75, 35, 0
75, 30, 0
75, 25, 0
75, 20, 0
75, 15, 0
75, 10, 0
75, 5, 0
70, 495, 0
70, 490, 0
70, 485, 0
70, 480, 0
70, 475, 0
70, 470, 0
70, 465, 0
70, 460, 0
70, 455, 0
70, 450, 0
70, 445, 0
70, 440, 0
70, 435, 0
70, 430, 0
70, 425, 0
70, 420, 0
70, 415, 0
70, 410, 0
70, 405, 0
70, 400, 0
70, 395, 0
70, 390, 0
70, 385, 0
70, 380, 0
70, 375, 0
70, 370, 0
70, 365, 0
70, 360, 0
70, 355, 0
70, 350, 0
70, 345, 0
70, 340, 0
70, 335, 0
70, 330, 0
70, 325, 0
70, 320, 0
70, 315, 0
70, 310, 0
70, 305, 0
70, 300, 0
70, 295, 0
70, 290, 0
70, 285, 0
70, 280, 0
70, 275, 0
70, 270, 0
70, 265, 0
70, 260, 0
70, 255, 0
70, 250, 0
70, 245, 0
70, 240, 0
70, 235, 0
70, 230, 0
70, 225, 0
70, 220, 0
70, 215, 0
70, 210, 0
70, 205, 0
70, 200, 0
70, 195, 0
70, 190, 0
70, 185, 0
70, 180, 0
70, 175, 0
70, 170, 0
70, 165, 0
70, 160, 0
70, 155, 0
70, 150, 0
70, 145, 0
70, 140, 0
70, 135, 0
70, 130, 0
70, 125, 0
70, 120, 0
70, 115, 0
70, 110, 0
70, 105, 0
70, 100, 0
70, 95, 0
70, 90, 0
70, 85, 0
70, 80, 0
70, 75, 0
70, 70, 0
70, 65, 0
70, 60, 0
70, 55, 0
70, 50, 0
70, 45, 0
70, 40, 0
70, 35, 0
70, 30, 0
70, 25, 0
70, 20, 0
70, 15, 0
70, 10, 0
70, 5, 0
65, 500, 0
65, 495, 0
65, 490, 0
65, 485, 0
65, 480, 0
65, 475, 0
65, 470, 0
65, 465, 0
65, 460, 0
65, 455, 0
65, 450, 0
65, 445, 0
65, 440, 0
65, 435, 0
65, 430, 0
65, 425, 0
65, 420, 0
65, 415, 0
65, 410, 0
65, 405, 0
65, 400, 0
65, 395, 0
65, 390, 0
65, 385, 0
65, 380, 0
65, 375, 0
65, 370, 0
65, 365, 0
65, 360, 0
65, 355, 0
65, 350, 0
65, 345, 0
65, 340, 0
65, 335, 0
65, 330, 0
65, 325, 0
65, 320, 0
65, 315, 0
65, 310, 0
65, 305, 0
65, 300, 0
65, 295, 0
65, 290, 0
65, 285, 0
65, 280, 0
65, 275, 0
65, 270, 0
65, 265, 0
65, 260, 0
65, 255, 0
65, 250, 0
65, 245, 0
65, 240, 0
65, 235, 0
65, 230, 0
65, 225, 0
65, 220, 0
65, 215, 0
65, 210, 0
65, 205, 0
65, 200, 0
65, 195, 0
65, 190, 0
65, 185, 0
65, 180, 0
65, 175, 0
65, 170, 0
65, 165, 0
65, 160, 0
65, 155, 0
65, 150, 0
65, 145, 0
65, 140, 0
65, 135, 0
65, 130, 0
65, 125, 0
65, 120, 0
65, 115, 0
65, 110, 0
65, 105, 0
65, 100, 0
65, 95, 0
65, 90, 0
65, 85, 0
65, 80, 0
65, 75, 0
65, 70, 0
65, 65, 0
65, 60, 0
65, 55, 0
65, 50, 0
65, 45, 0
65, 40, 0
65, 35, 0
65, 30, 0
65, 25, 0
65, 20, 0
65, 15, 0
65, 10, 0
65, 5, 0
60, 510, 0
60, 505, 0
60, 500, 0
60, 495, 0
60, 490, 0
60, 485, 0
60, 480, 0
60, 475, 0
60, 470, 0
60, 465, 0
60, 460, 0
60, 455, 0
60, 450, 0
60, 445, 0
60, 440, 0
60, 435, 0
60, 430, 0
60, 425, 0
60, 420, 0
60, 415, 0
60, 410, 0
60, 405, 0
60, 400, 0
60, 395, 0
60, 390, 0
60, 385, 0
60, 380, 0
60, 375, 0
60, 370, 0
60, 365, 0
60, 360, 0
60, 355, 0
60, 350, 0
60, 345, 0
60, 340, 0
60, 335, 0
60, 330, 0
60, 325, 0
60, 320, 0
60, 315, 0
60, 310, 0
60, 305, 0
60, 300, 0
60, 295, 0
60, 290, 0
60, 285, 0
60, 280, 0
60, 275, 0
60, 270, 0
60, 265, 0
60, 260, 0
60, 255, 0
60, 250, 0
60, 245, 0
60, 240, 0
60, 235, 0
60, 230, 0
60, 225, 0
60, 220, 0
60, 215, 0
60, 210, 0
60, 205, 0
60, 200, 0
60, 195, 0
60, 190, 0
60, 185, 0
60, 180, 0
60, 175, 0
60, 170, 0
60, 165, 0
60, 160, 0
60, 155, 0
60, 150, 0
60, 145, 0
60, 140, 0
60, 135, 0
60, 130, 0
60, 125, 0
60, 120, 0
60, 115, 0
60, 110, 0
60, 105, 0
60, 100, 0
60, 95, 0
60, 90, 0
60, 85, 0
60, 80, 0
60, 75, 0
60, 70, 0
60, 65, 0
60, 60, 0
60, 55, 0
60, 50, 0
60, 45, 0
60, 40, 0
60, 35, 0
60, 30, 0
60, 25, 0
60, 20, 0
60, 15, 0
60, 10, 0
60, 5, 0
55, 515, 0
55, 510, 0
55, 505, 0
55, 500, 0
55, 495, 0
55, 490, 0
55, 485, 0
55, 480, 0
55, 475, 0
55, 470, 0
55, 465, 0
55, 460, 0
55, 455, 0
55, 450, 0
55, 445, 0
55, 440, 0
55, 435, 0
55, 430, 0
55, 425, 0
55, 420, 0
55, 415, 0
55, 410, 0
55, 405, 0
55, 400, 0
55, 395, 0
55, 390, 0
55, 385, 0
55, 380, 0
55, 375, 0
55, 370, 0
55, 365, 0
55, 360, 0
55, 355, 0
55, 350, 0
55, 345, 0
55, 340, 0
55, 335, 0
55, 330, 0
55, 325, 0
55, 320, 0
55, 315, 0
55, 310, 0
55, 305, 0
55, 300, 0
55, 295, 0
55, 290, 0
55, 285, 0
55, 280, 0
55, 275, 0
55, 270, 0
55, 265, 0
55, 260, 0
55, 255, 0
55, 250, 0
55, 245, 0
55, 240, 0
55, 235, 0
55, 230, 0
55, 225, 0
55, 220, 0
55, 215, 0
55, 210, 0
55, 205, 0
55, 200, 0
55, 195, 0
55, 190, 0
55, 185, 0
55, 180, 0
55, 175, 0
55, 170, 0
55, 165, 0
55, 160, 0
55, 155, 0
55, 150, 0
55, 145, 0
55, 140, 0
55, 135, 0
55, 130, 0
55, 125, 0
55, 120, 0
55, 115, 0
55, 110, 0
55, 105, 0
55, 100, 0
55, 95, 0
55, 90, 0
55, 85, 0
55, 80, 0
55, 75, 0
55, 70, 0
55, 65, 0
55, 60, 0
55, 55, 0
55, 50, 0
55, 45, 0
55, 40, 0
55, 35, 0
55, 30, 0
55, 25, 0
55, 20, 0
55, 15, 0
55, 10, 0
55, 5, 0
50, 525, 0
50, 520, 0
50, 515, 0
50, 510, 0
50, 505, 0
50, 500, 0
50, 495, 0
50, 490, 0
50, 485, 0
50, 480, 0
50, 475, 0
50, 470, 0
50, 465, 0
50, 460, 0
50, 455, 0
50, 450, 0
50, 445, 0
50, 440, 0
50, 435, 0
50, 430, 0
50, 425, 0
50, 420, 0
50, 415, 0
50, 410, 0
50, 405, 0
50, 400, 0
50, 395, 0
50, 390, 0
50, 385, 0
50, 380, 0
50, 375, 0
50, 370, 0
50, 365, 0
50, 360, 0
50, 355, 0
50, 350, 0
50, 345, 0
50, 340, 0
50, 335, 0
50, 330, 0
50, 325, 0
50, 320, 0
50, 315, 0
50, 310, 0
50, 305, 0
50, 300, 0
50, 295, 0
50, 290, 0
50, 285, 0
50, 280, 0
50, 275, 0
50, 270, 0
50, 265, 0
50, 260, 0
50, 255, 0
50, 250, 0
50, 245, 0
50, 240, 0
50, 235, 0
50, 230, 0
50, 225, 0
50, 220, 0
50, 215, 0
50, 210, 0
50, 205, 0
50, 200, 0
50, 195, 0
50, 190, 0
50, 185, 0
50, 180, 0
50, 175, 0
50, 170, 0
50, 165, 0
50, 160, 0
50, 155, 0
50, 150, 0
50, 145, 0
50, 140, 0
50, 135, 0
50, 130, 0
50, 125, 0
50, 120, 0
50, 115, 0
50, 110, 0
50, 105, 0
50, 100, 0
50, 95, 0
50, 90, 0
50, 85, 0
50, 80, 0
50, 75, 0
50, 70, 0
50, 65, 0
50, 60, 0
50, 55, 0
50, 50, 0
50, 45, 0
50, 40, 0
50, 35, 0
50, 30, 0
50, 25, 0
50, 20, 0
50, 15, 0
50, 10, 0
50, 5, 0
45, 530, 0
45, 525, 0
45, 520, 0
45, 515, 0
45, 510, 0
45, 505, 0
45, 500, 0
45, 495, 0
45, 490, 0
45, 485, 0
45, 480, 0
45, 475, 0
45, 470, 0
45, 465, 0
45, 460, 0
45, 455, 0
45, 450, 0
45, 445, 0
45, 440, 0
45, 435, 0
45, 430, 0
45, 425, 0
45, 420, 0
45, 415, 0
45, 410, 0
45, 405, 0
45, 400, 0
45, 395, 0
45, 390, 0
45, 385, 0
45, 380, 0
45, 375, 0
45, 370, 0
45, 365, 0
45, 360, 0
45, 355, 0
45, 350, 0
45, 345, 0
45, 340, 0
45, 335, 0
45, 330, 0
45, 325, 0
45, 320, 0
45, 315, 0
45, 310, 0
45, 305, 0
45, 300, 0
45, 295, 0
45, 290, 0
45, 285, 0
45, 280, 0
45, 275, 0
45, 270, 0
45, 265, 0
45, 260, 0
45, 255, 0
45, 250, 0
45, 245, 0
45, 240, 0
45, 235, 0
45, 230, 0
45, 225, 0
45, 220, 0
45, 215, 0
45, 210, 0
45, 205, 0
45, 200, 0
45, 195, 0
45, 190, 0
45, 185, 0
45, 180, 0
45, 175, 0
45, 170, 0
45, 165, 0
45, 160, 0
45, 155, 0
45, 150, 0
45, 145, 0
45, 140, 0
45, 135, 0
45, 130, 0
45, 125, 0
45, 120, 0
45, 115, 0
45, 110, 0
45, 105, 0
45, 100, 0
45, 95, 0
45, 90, 0
45, 85, 0
45, 80, 0
45, 75, 0
45, 70, 0
45, 65, 0
45, 60, 0
45, 55, 0
45, 50, 0
45, 45, 0
45, 40, 0
45, 35, 0
45, 30, 0
45, 25, 0
45, 20, 0
45, 15, 0
45, 10, 0
45, 5, 0
40, 540, 0
40, 535, 0
40, 530, 0
40, 525, 0
40, 520, 0
40, 515, 0
40, 510, 0
40, 505, 0
40, 500, 0
40, 495, 0
40, 490, 0
40, 485, 0
40, 480, 0
40, 475, 0
40, 470, 0
40, 465, 0
40, 460, 0
40, 455, 0
40, 450, 0
40, 445, 0
40, 440, 0
40, 435, 0
40, 430, 0
40, 425, 0
40, 420, 0
40, 415, 0
40, 410, 0
40, 405, 0
40, 400, 0
40, 395, 0
40, 390, 0
40, 385, 0
40, 380, 0
40, 375, 0
40, 370, 0
40, 365, 0
40, 360, 0
40, 355, 0
40, 350, 0
40, 345, 0
40, 340, 0
40, 335, 0
40, 330, 0
40, 325, 0
40, 320, 0
40, 315, 0
40, 310, 0
40, 305, 0
40, 300, 0
40, 295, 0
40, 290, 0
40, 285, 0
40, 280, 0
40, 275, 0
40, 270, 0
40, 265, 0
40, 260, 0
40, 255, 0
40, 250, 0
40, 245, 0
40, 240, 0
40, 235, 0
40, 230, 0
40, 225, 0
40, 220, 0
40, 215, 0
40, 210, 0
40, 205, 0
40, 200, 0
40, 195, 0
40, 190, 0
40, 185, 0
40, 180, 0
40, 175, 0
40, 170, 0
40, 165, 0
40, 160, 0
40, 155, 0
40, 150, 0
40, 145, 0
40, 140, 0
40, 135, 0
40, 130, 0
40, 125, 0
40, 120, 0
40, 115, 0
40, 110, 0
40, 105, 0
40, 100, 0
40, 95, 0
40, 90, 0
40, 85, 0
40, 80, 0
40, 75, 0
40, 70, 0
40, 65, 0
40, 60, 0
40, 55, 0
40, 50, 0
40, 45, 0
40, 40, 0
40, 35, 0
40, 30, 0
40, 25, 0
40, 20, 0
40, 15, 0
40, 10, 0
40, 5, 0
35, 545, 0
35, 540, 0
35, 535, 0
35, 530, 0
35, 525, 0
35, 520, 0
35, 515, 0
35, 510, 0
35, 505, 0
35, 500, 0
35, 495, 0
35, 490, 0
35, 485, 0
35, 480, 0
35, 475, 0
35, 470, 0
35, 465, 0
35, 460, 0
35, 455, 0
35, 450, 0
35, 445, 0
35, 440, 0
35, 435, 0
35, 430, 0
35, 425, 0
35, 420, 0
35, 415, 0
35, 410, 0
35, 405, 0
35, 400, 0
35, 395, 0
35, 390, 0
35, 385, 0
35, 380, 0
35, 375, 0
35, 370, 0
35, 365, 0
35, 360, 0
35, 355, 0
35, 350, 0
35, 345, 0
35, 340, 0
35, 335, 0
35, 330, 0
35, 325, 0
35, 320, 0
35, 315, 0
35, 310, 0
35, 305, 0
35, 300, 0
35, 295, 0
35, 290, 0
35, 285, 0
35, 280, 0
35, 275, 0
35, 270, 0
35, 265, 0
35, 260, 0
35, 255, 0
35, 250, 0
35, 245, 0
35, 240, 0
35, 235, 0
35, 230, 0
35, 225, 0
35, 220, 0
35, 215, 0
35, 210, 0
35, 205, 0
35, 200, 0
35, 195, 0
35, 190, 0
35, 185, 0
35, 180, 0
35, 175, 0
35, 170, 0
35, 165, 0
35, 160, 0
35, 155, 0
35, 150, 0
35, 145, 0
35, 140, 0
35, 135, 0
35, 130, 0
35, 125, 0
35, 120, 0
35, 115, 0
35, 110, 0
35, 105, 0
35, 100, 0
35, 95, 0
35, 90, 0
35, 85, 0
35, 80, 0
35, 75, 0
35, 70, 0
35, 65, 0
35, 60, 0
35, 55, 0
35, 50, 0
35, 45, 0
35, 40, 0
35, 35, 0
35, 30, 0
35, 25, 0
35, 20, 0
35, 15, 0
35, 10, 0
35, 5, 0
30, 555, 0
30, 550, 0
30, 545, 0
30, 540, 0
30, 535, 0
30, 530, 0
30, 525, 0
30, 520, 0
30, 515, 0
30, 510, 0
30, 505, 0
30, 500, 0
30, 495, 0
30, 490, 0
30, 485, 0
30, 480, 0
30, 475, 0
30, 470, 0
30, 465, 0
30, 460, 0
30, 455, 0
30, 450, 0
30, 445, 0
30, 440, 0
30, 435, 0
30, 430, 0
30, 425, 0
30, 420, 0
30, 415, 0
30, 410, 0
30, 405, 0
30, 400, 0
30, 395, 0
30, 390, 0
30, 385, 0
30, 380, 0
30, 375, 0
30, 370, 0
30, 365, 0
30, 360, 0
30, 355, 0
30, 350, 0
30, 345, 0
30, 340, 0
30, 335, 0
30, 330, 0
30, 325, 0
30, 320, 0
30, 315, 0
30, 310, 0
30, 305, 0
30, 300, 0
30, 295, 0
30, 290, 0
30, 285, 0
30, 280, 0
30, 275, 0
30, 270, 0
30, 265, 0
30, 260, 0
30, 255, 0
30, 250, 0
30, 245, 0
30, 240, 0
30, 235, 0
30, 230, 0
30, 225, 0
30, 220, 0
30, 215, 0
30, 210, 0
30, 205, 0
30, 200, 0
30, 195, 0
30, 190, 0
30, 185, 0
30, 180, 0
30, 175, 0
30, 170, 0
30, 165, 0
30, 160, 0
30, 155, 0
30, 150, 0
30, 145, 0
30, 140, 0
30, 135, 0
30, 130, 0
30, 125, 0
30, 120, 0
30, 115, 0
30, 110, 0
30, 105, 0
30, 100, 0
30, 95, 0
30, 90, 0
30, 85, 0
30, 80, 0
30, 75, 0
30, 70, 0
30, 65, 0
30, 60, 0
30, 55, 0
30, 50, 0
30, 45, 0
30, 40, 0
30, 35, 0
30, 30, 0
30, 25, 0
30, 20, 0
30, 15, 0
30, 10, 0
30, 5, 0
25, 560, 0
25, 555, 0
25, 550, 0
25, 545, 0
25, 540, 0
25, 535, 0
25, 530, 0
25, 525, 0
25, 520, 0
25, 515, 0
25, 510, 0
25, 505, 0
25, 500, 0
25, 495, 0
25, 490, 0
25, 485, 0
25, 480, 0
25, 475, 0
25, 470, 0
25, 465, 0
25, 460, 0
25, 455, 0
25, 450, 0
25, 445, 0
25, 440, 0
25, 435, 0
25, 430, 0
25, 425, 0
25, 420, 0
25, 415, 0
25, 410, 0
25, 405, 0
25, 400, 0
25, 395, 0
25, 390, 0
25, 385, 0
25, 380, 0
25, 375, 0
25, 370, 0
25, 365, 0
25, 360, 0
25, 355, 0
25, 350, 0
25, 345, 0
25, 340, 0
25, 335, 0
25, 330, 0
25, 325, 0
25, 320, 0
25, 315, 0
25, 310, 0
25, 305, 0
25, 300, 0
25, 295, 0
25, 290, 0
25, 285, 0
25, 280, 0
25, 275, 0
25, 270, 0
25, 265, 0
25, 260, 0
25, 255, 0
25, 250, 0
25, 245, 0
25, 240, 0
25, 235, 0
25, 230, 0
25, 225, 0
25, 220, 0
25, 215, 0
25, 210, 0
25, 205, 0
25, 200, 0
25, 195, 0
25, 190, 0
25, 185, 0
25, 180, 0
25, 175, 0
25, 170, 0
25, 165, 0
25, 160, 0
25, 155, 0
25, 150, 0
25, 145, 0
25, 140, 0
25, 135, 0
25, 130, 0
25, 125, 0
25, 120, 0
25, 115, 0
25, 110, 0
25, 105, 0
25, 100, 0
25, 95, 0
25, 90, 0
25, 85, 0
25, 80, 0
25, 75, 0
25, 70, 0
25, 65, 0
25, 60, 0
25, 55, 0
25, 50, 0
25, 45, 0
25, 40, 0
25, 35, 0
25, 30, 0
25, 25, 0
25, 20, 0
25, 15, 0
25, 10, 0
25, 5, 0
20, 570, 0
20, 565, 0
20, 560, 0
20, 555, 0
20, 550, 0
20, 545, 0
20, 540, 0
20, 535, 0
20, 530, 0
20, 525, 0
20, 520, 0
20, 515, 0
20, 510, 0
20, 505, 0
20, 500, 0
20, 495, 0
20, 490, 0
20, 485, 0
20, 480, 0
20, 475, 0
20, 470, 0
20, 465, 0
20, 460, 0
20, 455, 0
20, 450, 0
20, 445, 0
20, 440, 0
20, 435, 0
20, 430, 0
20, 425, 0
20, 420, 0
20, 415, 0
20, 410, 0
20, 405, 0
20, 400, 0
20, 395, 0
20, 390, 0
20, 385, 0
20, 380, 0
20, 375, 0
20, 370, 0
20, 365, 0
20, 360, 0
20, 355, 0
20, 350, 0
20, 345, 0
20, 340, 0
20, 335, 0
20, 330, 0
20, 325, 0
20, 320, 0
20, 315, 0
20, 310, 0
20, 305, 0
20, 300, 0
20, 295, 0
20, 290, 0
20, 285, 0
20, 280, 0
20, 275, 0
20, 270, 0
20, 265, 0
20, 260, 0
20, 255, 0
20, 250, 0
20, 245, 0
20, 240, 0
20, 235, 0
20, 230, 0
20, 225, 0
20, 220, 0
20, 215, 0
20, 210, 0
20, 205, 0
20, 200, 0
20, 195, 0
20, 190, 0
20, 185, 0
20, 180, 0
20, 175, 0
20, 170, 0
20, 165, 0
20, 160, 0
20, 155, 0
20, 150, 0
20, 145, 0
20, 140, 0
20, 135, 0
20, 130, 0
20, 125, 0
20, 120, 0
20, 115, 0
20, 110, 0
20, 105, 0
20, 100, 0
20, 95, 0
20, 90, 0
20, 85, 0
20, 80, 0
20, 75, 0
20, 70, 0
20, 65, 0
20, 60, 0
20, 55, 0
20, 50, 0
20, 45, 0
20, 40, 0
20, 35, 0
20, 30, 0
20, 25, 0
20, 20, 0
20, 15, 0
20, 10, 0
20, 5, 0
15, 575, 0
15, 570, 0
15, 565, 0
15, 560, 0
15, 555, 0
15, 550, 0
15, 545, 0
15, 540, 0
15, 535, 0
15, 530, 0
15, 525, 0
15, 520, 0
15, 515, 0
15, 510, 0
15, 505, 0
15, 500, 0
15, 495, 0
15, 490, 0
15, 485, 0
15, 480, 0
15, 475, 0
15, 470, 0
15, 465, 0
15, 460, 0
15, 455, 0
15, 450, 0
15, 445, 0
15, 440, 0
15, 435, 0
15, 430, 0
15, 425, 0
15, 420, 0
15, 415, 0
15, 410, 0
15, 405, 0
15, 400, 0
15, 395, 0
15, 390, 0
15, 385, 0
15, 380, 0
15, 375, 0
15, 370, 0
15, 365, 0
15, 360, 0
15, 355, 0
15, 350, 0
15, 345, 0
15, 340, 0
15, 335, 0
15, 330, 0
15, 325, 0
15, 320, 0
15, 315, 0
15, 310, 0
15, 305, 0
15, 300, 0
15, 295, 0
15, 290, 0
15, 285, 0
15, 280, 0
15, 275, 0
15, 270, 0
15, 265, 0
15, 260, 0
15, 255, 0
15, 250, 0
15, 245, 0
15, 240, 0
15, 235, 0
15, 230, 0
15, 225, 0
15, 220, 0
15, 215, 0
15, 210, 0
15, 205, 0
15, 200, 0
15, 195, 0
15, 190, 0
15, 185, 0
15, 180, 0
15, 175, 0
15, 170, 0
15, 165, 0
15, 160, 0
15, 155, 0
15, 150, 0
15, 145, 0
15, 140, 0
15, 135, 0
15, 130, 0
15, 125, 0
15, 120, 0
15, 115, 0
15, 110, 0
15, 105, 0
15, 100, 0
15, 95, 0
15, 90, 0
15, 85, 0
15, 80, 0
15, 75, 0
15, 70, 0
15, 65, 0
15, 60, 0
15, 55, 0
15, 50, 0
15, 45, 0
15, 40, 0
15, 35, 0
15, 30, 0
15, 25, 0
15, 20, 0
15, 15, 0
15, 10, 0
15, 5, 0
10, 585, 0
10, 580, 0
10, 575, 0
10, 570, 0
10, 565, 0
10, 560, 0
10, 555, 0
10, 550, 0
10, 545, 0
10, 540, 0
10, 535, 0
10, 530, 0
10, 525, 0
10, 520, 0
10, 515, 0
10, 510, 0
10, 505, 0
10, 500, 0
10, 495, 0
10, 490, 0
10, 485, 0
10, 480, 0
10, 475, 0
10, 470, 0
10, 465, 0
10, 460, 0
10, 455, 0
10, 450, 0
10, 445, 0
10, 440, 0
10, 435, 0
10, 430, 0
10, 425, 0
10, 420, 0
10, 415, 0
10, 410, 0
10, 405, 0
10, 400, 0
10, 395, 0
10, 390, 0
10, 385, 0
10, 380, 0
10, 375, 0
10, 370, 0
10, 365, 0
10, 360, 0
10, 355, 0
10, 350, 0
10, 345, 0
10, 340, 0
10, 335, 0
10, 330, 0
10, 325, 0
10, 320, 0
10, 315, 0
10, 310, 0
10, 305, 0
10, 300, 0
10, 295, 0
10, 290, 0
10, 285, 0
10, 280, 0
10, 275, 0
10, 270, 0
10, 265, 0
10, 260, 0
10, 255, 0
10, 250, 0
10, 245, 0
10, 240, 0
10, 235, 0
10, 230, 0
10, 225, 0
10, 220, 0
10, 215, 0
10, 210, 0
10, 205, 0
10, 200, 0
10, 195, 0
10, 190, 0
10, 185, 0
10, 180, 0
10, 175, 0
10, 170, 0
10, 165, 0
10, 160, 0
10, 155, 0
10, 150, 0
10, 145, 0
10, 140, 0
10, 135, 0
10, 130, 0
10, 125, 0
10, 120, 0
10, 115, 0
10, 110, 0
10, 105, 0
10, 100, 0
10, 95, 0
10, 90, 0
10, 85, 0
10, 80, 0
10, 75, 0
10, 70, 0
10, 65, 0
10, 60, 0
10, 55, 0
10, 50, 0
10, 45, 0
10, 40, 0
10, 35, 0
10, 30, 0
10, 25, 0
10, 20, 0
10, 15, 0
10, 10, 0
10, 5, 0
5, 590, 0
5, 585, 0
5, 580, 0
5, 575, 0
5, 570, 0
5, 565, 0
5, 560, 0
5, 555, 0
5, 550, 0
5, 545, 0
5, 540, 0
5, 535, 0
5, 530, 0
5, 525, 0
5, 520, 0
5, 515, 0
5, 510, 0
5, 505, 0
5, 500, 0
5, 495, 0
5, 490, 0
5, 485, 0
5, 480, 0
5, 475, 0
5, 470, 0
5, 465, 0
5, 460, 0
5, 455, 0
5, 450, 0
5, 445, 0
5, 440, 0
5, 435, 0
5, 430, 0
5, 425, 0
5, 420, 0
5, 415, 0
5, 410, 0
5, 405, 0
5, 400, 0
5, 395, 0
5, 390, 0
5, 385, 0
5, 380, 0
5, 375, 0
5, 370, 0
5, 365, 0
5, 360, 0
5, 355, 0
5, 350, 0
5, 345, 0
5, 340, 0
5, 335, 0
5, 330, 0
5, 325, 0
5, 320, 0
5, 315, 0
5, 310, 0
5, 305, 0
5, 300, 0
5, 295, 0
5, 290, 0
5, 285, 0
5, 280, 0
5, 275, 0
5, 270, 0
5, 265, 0
5, 260, 0
5, 255, 0
5, 250, 0
5, 245, 0
5, 240, 0
5, 235, 0
5, 230, 0
5, 225, 0
5, 220, 0
5, 215, 0
5, 210, 0
5, 205, 0
5, 200, 0
5, 195, 0
5, 190, 0
5, 185, 0
5, 180, 0
5, 175, 0
5, 170, 0
5, 165, 0
5, 160, 0
5, 155, 0
5, 150, 0
5, 145, 0
5, 140, 0
5, 135, 0
5, 130, 0
5, 125, 0
5, 120, 0
5, 115, 0
5, 110, 0
5, 105, 0
5, 100, 0
5, 95, 0
5, 90, 0
5, 85, 0
5, 80, 0
5, 75, 0
5, 70, 0
5, 65, 0
5, 60, 0
5, 55, 0
5, 50, 0
5, 45, 0
5, 40, 0
5, 35, 0
5, 30, 0
5, 25, 0
5, 20, 0
5, 15, 0
5, 10, 0
5, 5, 0
